mfc1,mfc2,mfc3,mfc4,x1,y1,split
0.0322875417768955,0.042917288839817,0.138325244188309,0.0496896728873253,0.776,0.09150000000000003,train
0.0727012455463409,0.0133759910240769,0.0,0.0147044276818633,0.02095,0.870975,train
0.0089459102600812,0.0138764362782239,0.0611697398126125,0.0158817581832409,0.85755,0.037675000000000014,train
0.0772951617836952,0.0642220005393028,0.0534701943397522,0.0771562457084656,0.384475,0.515575,train
0.0286080688238144,0.0197872836142778,0.0128289386630058,0.0412540957331657,0.1029,0.423675,train
0.0492566339671612,0.0444709956645966,0.0521680414676666,0.111638061702251,0.3119,0.21912500000000001,train
0.0567093640565872,0.0228762961924076,0.0,0.018870247527957,0.239025,0.99765,train
0.0440650433301926,0.054736964404583,0.0840586796402931,0.0634672939777374,0.644525,0.2802,train
0.0706632435321808,0.507588624954224,0.0609420202672482,0.056632325053215,0.88675,0.9266,train
0.388158738613129,0.12309655547142,0.0761229991912842,0.106484964489936,0.231525,0.94125,train
0.0271769128739834,0.0426087416708469,0.0135482335463166,0.0222844947129488,0.5974,0.873625,train
0.120807483792305,0.106102049350738,0.145506769418716,0.331629902124405,0.306525,0.13644999999999996,train
0.123543664813041,0.0525454096496105,0.035825964063406,0.0644723698496819,0.15005,0.69375,train
0.170522958040237,0.284109860658646,0.135431528091431,0.12686251103878,0.6518,0.760625,train
0.0520124845206738,0.0895787999033928,0.0820670276880264,0.0565476454794407,0.78245,0.48529999999999995,train
0.257576942443848,0.195383086800575,0.101531259715557,0.120595067739486,0.420325,0.974025,train
0.0401930809020996,0.0330192223191261,0.0145906694233417,0.0254345014691353,0.389225,0.773375,train
0.0192451253533363,0.0566137470304966,0.0136600108817219,0.0181675385683775,0.795875,0.8113,train
0.156594827771187,0.117388136684894,0.132298961281776,0.28222119808197,0.247275,0.32615000000000005,train
0.305365055799484,0.11454327404499,0.0922650545835495,0.161054462194443,0.044025,0.67005,train
0.0151398228481411,0.0261417273432016,0.0470974035561085,0.0219865813851357,0.853,0.258575,train
0.0443366877734661,0.136873543262482,0.0543134063482285,0.0415352322161198,0.979125,0.703525,train
0.0175409372895956,0.0564559772610664,0.0147622767835855,0.0181906595826149,0.8721,0.75495,train
0.0720220878720284,0.106628350913524,0.0674138069152832,0.0634274408221245,0.63555,0.6313,train
0.107674375176429,0.0734905228018761,0.0406333096325397,0.0552780032157898,0.364325,0.811775,train
0.0431650057435036,0.156771197915077,0.0381678268313408,0.0377324372529984,0.871225,0.8291999999999999,train
0.1354820728302,0.24681943655014,0.209139421582222,0.135426074266434,0.82515,0.529725,train
0.0152336042374372,0.0167863313108683,0.011085195466876,0.0676132366061211,0.164375,0.06852499999999995,train
0.126212388277054,0.390397816896439,0.0962352082133293,0.0897673889994621,0.7672,0.9973,train
0.0348763726651669,0.0454900451004505,0.0152967292815446,0.0236972644925117,0.549475,0.969525,train
0.280632555484772,0.191510871052742,0.115200988948345,0.141521111130714,0.368775,0.820175,train
0.152728348970413,0.0461842529475689,0.028724629431963,0.0492545254528522,0.114575,0.80455,train
0.0292009525001049,0.630009114742279,0.0256701838225126,0.0278826337307692,0.935575,0.99425,train
0.125389784574509,0.138957947492599,0.21682371199131,0.20419055223465,0.537,0.22857499999999997,train
0.0248998142778873,0.0388363413512707,0.188321366906166,0.0344824865460396,0.9235,0.13070000000000004,train
0.050743255764246,0.0753237307071686,0.110333628952503,0.0611430592834949,0.7978,0.35050000000000003,train
0.0400050766766071,0.0243393443524837,0.0159016437828541,0.0348653793334961,0.129675,0.5594,train
0.018680302426219,0.0288067180663347,0.0484367907047272,0.0255034118890762,0.7668,0.24112500000000003,train
0.364020466804504,0.105116568505764,0.0884005799889565,0.140394419431686,0.005775,0.74325,train
0.0206737592816353,0.0171325914561749,0.0231025218963623,0.0549623817205429,0.296775,0.174825,train
0.029760392382741,0.0258055534213781,0.0229229684919119,0.0330979265272617,0.45435,0.557875,train
0.113867625594139,0.075285516679287,0.09391088783741,0.410573661327362,0.00305,0.21137499999999998,train
0.0196495037525892,0.0492174476385117,0.0179135538637638,0.019779272377491,0.801025,0.8103750000000001,train
0.303667187690735,0.156750246882439,0.109973140060901,0.146312177181244,0.31255,0.8041,train
0.0598441772162914,0.0598473474383354,0.0712321326136589,0.0804105773568153,0.51375,0.418625,train
0.13168440759182,0.0397563688457012,0.0336304716765881,0.063091017305851,0.0449,0.735475,train
0.21557429432869,0.130234017968178,0.130015984177589,0.220203369855881,0.233,0.502475,train
0.130382061004639,0.0505450367927551,0.034791324287653,0.0487408079206944,0.2669,0.902075,train
0.0578270629048347,0.0640759468078613,0.0849146842956543,0.0792887061834335,0.58425,0.3881,train
0.0175203215330839,0.0480102375149727,0.0197316780686378,0.0219050273299217,0.889725,0.73905,train
0.515123188495636,0.0629794001579285,0.0466593056917191,0.0706962719559669,0.118425,0.944025,train
0.0163243487477303,0.023407444357872,0.0427301898598671,0.0264487564563751,0.962375,0.3508,train
0.0329647101461887,0.0417249985039234,0.156231999397278,0.0527420490980148,0.8369,0.1674,train
0.0656087473034859,0.0146044716238975,0.0106267994269728,0.0207364428788424,0.15985,0.9390000000000001,train
0.0444387644529343,0.0210552718490362,0.0180609207600355,0.0350147895514965,0.204225,0.6657,train
0.0360056757926941,0.0247971955686808,0.0204736534506083,0.0315952338278294,0.36205,0.631975,train
0.0231529921293259,0.0209246724843979,0.0313958935439587,0.0489662624895573,0.427,0.18000000000000005,train
0.391116678714752,0.123892299830913,0.0862800404429436,0.117498911917209,0.223025,0.894075,train
0.0719917118549347,0.0527006536722183,0.0637065693736076,0.132852122187614,0.336575,0.36134999999999995,train
0.163074195384979,0.0468476377427578,0.0332002006471157,0.0471699275076389,0.21135,0.97735,train
0.0645982921123505,0.0418219566345215,0.0475612580776215,0.139372736215591,0.007625,0.31299999999999994,train
0.121971532702446,0.293432593345642,0.183424264192581,0.115210905671119,0.966725,0.6244000000000001,train
0.138966515660286,0.362248957157135,0.122276656329631,0.107500009238719,0.760675,0.84615,train
0.145714849233627,0.130206510424614,0.180709660053253,0.279209405183792,0.375675,0.23914999999999997,train
0.316154390573502,0.163070783019066,0.107004567980766,0.139489442110062,0.31035,0.843375,train
0.0539604350924492,0.0275407526642084,0.0180252846330404,0.0262613017112017,0.229525,0.800925,train
0.0291223973035812,0.0508978292346001,0.0208235010504723,0.0258911903947592,0.649975,0.94345,train
0.0468866750597954,0.0757610946893692,0.12195236235857,0.0600932389497757,0.9403,0.356575,train
0.0256460756063461,0.032316517084837,0.0334513038396835,0.0356028266251087,0.59985,0.402725,train
0.210375040769577,0.115951411426067,0.122191123664379,0.286782890558243,0.051825,0.432175,train
0.020350020378828,0.0200984720140696,0.0350303798913956,0.0396733433008194,0.55995,0.20235000000000003,train
0.034347802400589,0.0321599245071411,0.017831914126873,0.0276087298989296,0.49815,0.8864,train
0.113377399742603,0.330879658460617,0.147304177284241,0.111229427158832,0.94875,0.701775,train
0.0418865382671356,0.0281005408614874,0.0345637500286102,0.168529197573662,0.0497,0.19155,train
0.045947790145874,0.124830543994903,0.0601538121700287,0.049958810210228,0.995425,0.685775,train
0.1356550604105,0.27077853679657,0.191294386982918,0.132794439792633,0.829725,0.60195,train
0.0377697162330151,0.0532109327614307,0.14558419585228,0.0531304329633713,0.9677,0.259525,train
0.0,0.0,0.0,0.0894001647830009,0.0723,0.047799999999999954,train
0.0802103951573372,0.109204098582267,0.391667515039444,0.112069115042686,0.89045,0.19720000000000004,train
0.137326657772064,0.0498772189021111,0.0572369024157524,0.0778007879853249,0.038925,0.695025,train
0.117858588695526,0.12556953728199,0.286231845617294,0.198428601026535,0.6144,0.13187499999999996,train
0.0987374112010002,0.0729814022779465,0.0941274985671043,0.432888388633728,0.14755,0.147575,train
0.0087824705988168,0.0100228637456893,0.232945367693901,0.0169981755316257,0.973925,0.020974999999999966,train
0.215547546744347,0.157807052135468,0.135013610124588,0.188430219888687,0.367725,0.583575,train
0.122713603079319,0.0510353520512581,0.0401962399482727,0.0704966187477112,0.206275,0.7311000000000001,train
0.018844848498702,0.0479321368038654,0.0186028443276882,0.0228086560964584,0.794775,0.78775,train
0.031884890049696,0.0456136167049408,0.141192048788071,0.0442420653998852,0.973275,0.23470000000000002,train
0.100210301578044,0.394939959049225,0.0976948514580727,0.0820632502436638,0.848425,0.833725,train
0.0832608193159103,0.0,0.0,0.0,0.015325,0.99225,train
0.0707871243357658,0.0424247272312641,0.0456783957779408,0.110454738140106,0.120225,0.3943,train
0.167546227574348,0.107444249093532,0.121268182992935,0.31337696313858,0.12685,0.3294,train
0.0297571066766977,0.0179274044930935,0.0183239560574293,0.0437152236700058,0.08975,0.416975,train
0.0345586463809013,0.0208217110484838,0.0188269447535276,0.0338369645178318,0.2478,0.561125,train
0.0852025076746941,0.0832527205348015,0.0423412397503853,0.0503369867801666,0.4913,0.9974,train
0.0497535802423954,0.0482369400560856,0.0880882740020752,0.097714327275753,0.4916,0.125575,train
0.0990245118737221,0.145419701933861,0.342693418264389,0.124553583562374,0.87705,0.27505,train
0.0414531119167805,0.0290700308978558,0.016875084489584,0.0253047980368137,0.406425,0.9343,train
0.0568537451326847,0.0243945084512234,0.0191777590662241,0.0298665296286345,0.193375,0.77445,train
0.0165095161646605,0.0130572244524955,0.0162333939224482,0.067441001534462,0.16975,0.102325,train
0.125268414616585,0.169851258397102,0.274364531040192,0.152305632829666,0.73195,0.33872500000000005,train
0.0960205495357513,0.0728989467024803,0.0487899333238602,0.0614794380962849,0.412125,0.734425,train
0.0153168141841888,0.0602538920938969,0.0129789365455508,0.0150707075372338,0.86615,0.87015,train
0.0549654215574265,0.0156289953738451,0.011519556865096,0.0219940897077322,0.147275,0.836925,train
0.05986063554883,0.109082259237766,0.0481565520167351,0.0483995787799358,0.672,0.80055,train
0.0637629777193069,0.0975110828876495,0.05234419927001,0.0518634356558323,0.63975,0.7430749999999999,train
0.0285256076604128,0.0436705537140369,0.0186585485935211,0.023192323744297,0.626025,0.969275,train
0.237746879458427,0.224435985088348,0.119880087673664,0.129904180765152,0.48165,0.88325,train
0.0111912749707698,0.06244982406497,0.0099021848291158,0.0002995154645759,0.918175,0.8672,train
0.0981134250760078,0.0487266704440117,0.0423130914568901,0.0645265430212021,0.226875,0.6265000000000001,train
0.161812350153923,0.113340824842453,0.133443161845207,0.310436457395554,0.1908,0.30667500000000003,train
0.0840624049305916,0.0484041087329388,0.0473408475518227,0.0828147009015083,0.178325,0.49897499999999995,train
0.0171645358204842,0.0303915943950415,0.036193486303091,0.0185668636113405,0.951075,0.44489999999999996,train
0.0514550022780895,0.0645937845110893,0.0853418111801147,0.0617216341197491,0.64435,0.3882,train
0.0207358989864588,0.0151106240227818,0.0164589714258909,0.0507295094430447,0.118775,0.26049999999999995,train
0.0458505749702454,0.0613222345709801,0.0639635026454926,0.047761257737875,0.672675,0.4837,train
0.116582863032817,0.304997801780701,0.155770882964134,0.100687600672245,0.8923,0.6804250000000001,train
0.0177011452615261,0.0412225127220154,0.0196953862905502,0.0190613400191069,0.835375,0.69945,train
0.140305131673813,0.11745199561119,0.159605145454407,0.243637263774872,0.367575,0.27649999999999997,train
0.0,0.0028204168193042,0.242492705583572,0.0109395161271095,0.94625,0.023299999999999987,train
0.0190071985125542,0.0241575315594673,0.648652970790863,0.0292426589876413,0.9282,0.036575000000000024,train
0.0484297759830952,0.0353107154369354,0.0443555563688278,0.141809642314911,0.176025,0.20804999999999996,train
0.119692929089069,0.367149472236633,0.123857431113719,0.0931583121418953,0.82865,0.7853749999999999,train
0.0133688598871231,0.0102151874452829,0.0122265834361314,0.0680567696690559,0.12275,0.10189999999999999,train
0.0767209231853485,0.0718267112970352,0.0538936294615269,0.0586052462458611,0.4836,0.65235,train
0.380670577287674,0.11860279738903,0.0863687247037888,0.133589580655098,0.193575,0.83295,train
0.0431815907359123,0.0287568308413029,0.0348411463201046,0.168982595205307,0.0167,0.20865,train
0.128470748662949,0.0898898169398308,0.11375630646944,0.390265494585037,0.147025,0.2157,train
0.0274049919098616,0.022524032741785,0.023267412558198,0.0478790961205959,0.3723,0.44462500000000005,train
0.144078627228737,0.136378049850464,0.198197901248932,0.240486040711403,0.4634,0.27742500000000003,train
0.0597675964236259,0.0399010479450226,0.0454887896776199,0.143652305006981,0.1105,0.29927499999999996,train
0.0206058491021395,0.0505336448550224,0.0195390302687883,0.0201510041952133,0.8102,0.78815,train
0.0545605011284351,0.0814633294939995,0.0762820020318031,0.05618492141366,0.723125,0.5156499999999999,train
0.035912498831749,0.0255074836313725,0.022395446896553,0.0347726866602898,0.3492,0.5661499999999999,train
0.116192504763603,0.121401935815811,0.25244414806366,0.202020183205605,0.5622,0.10404999999999998,train
0.162233352661133,0.264819025993347,0.150152087211609,0.124513506889343,0.67335,0.696825,train
0.191435664892197,0.173324882984161,0.152757883071899,0.166772484779358,0.459875,0.5535749999999999,train
0.114749163389205,0.137728571891785,0.319305270910263,0.161053732037544,0.701275,0.19857499999999995,train
0.0164579749107361,0.0236635990440845,0.0479481220245361,0.020611684769392,0.933275,0.30025,train
0.0338170379400253,0.0219807028770447,0.0222694128751755,0.0452835969626904,0.0538,0.432025,train
0.131275907158852,0.14006844162941,0.26189586520195,0.214960485696793,0.562875,0.17757500000000004,train
0.0139818666502833,0.0176076050847769,0.0591458864510059,0.0203109215945005,0.93335,0.15312499999999996,train
0.0,0.0002624572080094,0.0,0.0761313885450363,0.029925,0.009175000000000044,train
0.0600255914032459,0.0164802819490433,0.012348061427474,0.0199034046381712,0.096725,0.832025,train
0.0664325878024101,0.0999761819839478,0.0596380718052387,0.0575797632336617,0.649025,0.71055,train
0.0197109058499336,0.0414994806051254,0.0245620086789131,0.0231217946857214,0.94285,0.6514,train
0.0871431455016136,0.124131508171558,0.403134077787399,0.112305559217929,0.929475,0.21389999999999998,train
0.0502882897853851,0.0567621625959873,0.0953611880540848,0.0740705356001854,0.6241,0.26160000000000005,train
0.0418238528072834,0.0241838619112968,0.0151274371892213,0.0245504081249237,0.33125,0.86475,train
0.0309476368129253,0.0372807644307613,0.0179522112011909,0.0244514048099518,0.555175,0.945375,train
0.105802729725837,0.0719677358865738,0.0456458926200867,0.0558729469776154,0.38425,0.84085,train
0.110510349273681,0.122521325945854,0.298430174589157,0.190164744853973,0.61775,0.03474999999999995,train
0.0268979407846928,0.632674038410187,0.0248975623399019,0.025650741532445,0.93215,0.945475,train
0.38551127910614,0.129365339875221,0.0861893147230148,0.110105827450752,0.24115,0.9548,train
0.0367387384176254,0.0526029765605927,0.137187197804451,0.0509156286716461,0.8981,0.2551,train
0.1257503926754,0.15922686457634,0.270829528570175,0.170104458928108,0.687975,0.31067500000000003,train
0.0161932352930307,0.047697477042675,0.0169556979089975,0.0196620151400566,0.933125,0.760175,train
0.0338443368673325,0.0458702221512794,0.149933189153671,0.0495847947895527,0.89735,0.20904999999999996,train
0.0446021854877472,0.0225085243582726,0.0139611549675464,0.0233746711164713,0.32385,0.9667,train
0.0416160859167576,0.0218081064522266,0.018686568364501,0.0360465124249458,0.208475,0.612525,train
0.0260399971157312,0.0173105001449585,0.0177170801907778,0.0503044426441193,0.1455,0.35514999999999997,train
0.0646726861596107,0.106602355837822,0.0463980846107006,0.0484149977564812,0.64395,0.855,train
0.102141357958316,0.0634668692946434,0.04393370449543,0.0597422309219837,0.35685,0.7936,train
0.0468696020543575,0.0627918690443039,0.0968310162425041,0.063304141163826,0.725825,0.3588,train
0.0231094062328339,0.0536953806877136,0.0194674767553806,0.0239493120461702,0.754125,0.859875,train
0.0320548824965954,0.0209191348403692,0.0206813868135214,0.0436230078339577,0.2166,0.44625000000000004,train
0.0715195462107658,0.0938344895839691,0.445479989051819,0.105263344943523,0.862025,0.12860000000000005,train
0.104890428483486,0.416212916374207,0.10293510556221,0.0876175165176392,0.85185,0.844575,train
0.056010790169239,0.0948445647954941,0.0621768273413181,0.0551116392016411,0.723725,0.6392249999999999,train
0.0589064620435238,0.0325497053563595,0.0335198640823364,0.0825698971748352,0.01145,0.43755,train
0.0825002565979958,0.0446063727140427,0.0447477027773857,0.0963475704193115,0.108375,0.478275,train
0.0868005231022835,0.441549509763718,0.101000443100929,0.0791247561573982,0.988875,0.808675,train
0.0773831158876419,0.10752085596323,0.414274245500565,0.109387218952179,0.893825,0.18572500000000003,train
0.0814566314220428,0.0899477601051331,0.048853300511837,0.0574615150690079,0.532075,0.82835,train
0.13950814306736,0.12282794713974,0.18326011300087,0.285561203956604,0.382475,0.214175,train
0.125490978360176,0.0960496738553047,0.116373226046562,0.203235194087029,0.311425,0.34785,train
0.0469137504696846,0.0419703386723995,0.0695808380842209,0.118473671376705,0.38215,0.08409999999999995,train
0.0101383291184902,0.0118474401533603,0.0731904432177544,0.0160224512219429,0.96525,0.10862499999999997,train
0.0301079098135233,0.0422385819256306,0.019079253077507,0.0247360859066248,0.602575,0.9399,train
0.0222130492329597,0.0167901609092951,0.0192173570394516,0.0609037727117538,0.189825,0.23255000000000003,train
0.11716616153717,0.309486299753189,0.168858617544174,0.114643417298793,0.99755,0.648475,train
0.0356847085058689,0.159197971224785,0.0395342037081718,0.0369834937155247,0.95145,0.80775,train
0.0196130722761154,0.0186003223061562,0.0285622905939817,0.0391755551099777,0.49925,0.21150000000000002,train
0.0224840175360441,0.0287718307226896,0.191870599985123,0.0357682779431343,0.9505,0.124525,train
0.0723726600408554,0.0620393417775631,0.0608136579394341,0.0817865431308746,0.42885,0.5050250000000001,train
0.485330045223236,0.0765608549118042,0.0602345541119576,0.0988464802503586,0.012225,0.847075,train
0.0502713471651077,0.0472099930047989,0.0772877037525177,0.111756265163421,0.4279,0.15049999999999997,train
0.0250265877693892,0.0265832655131817,0.0330055691301823,0.0398123562335968,0.550225,0.373,train
0.0226967614144087,0.0539966337382793,0.0186132472008467,0.025005042552948,0.75155,0.870125,train
0.0522171221673489,0.0543187968432903,0.0857810750603676,0.0866938382387161,0.54005,0.26915,train
0.083760142326355,0.0375395677983761,0.0263016857206821,0.0406619906425476,0.274325,0.8552500000000001,train
0.023808691650629,0.0406174398958683,0.0277073942124844,0.0288722310215235,0.75585,0.6278,train
0.0849923267960548,0.0098944287747144,0.0,0.0145095763728022,0.077025,0.992575,train
0.0113857155665755,0.0144887417554855,0.0744078531861305,0.0202488694339991,0.996475,0.13302499999999995,train
0.169248461723328,0.128271579742432,0.152770817279816,0.267730176448822,0.290825,0.3578,train
0.0645976290106773,0.0401038303971291,0.0360019318759441,0.0570618063211441,0.298425,0.5925,train
0.0187315810471773,0.0199642796069384,0.0464489609003067,0.0344330109655857,0.653175,0.10727500000000001,train
0.0289518125355244,0.0314273647964001,0.0251917447894812,0.0324386060237885,0.550725,0.5844750000000001,train
0.0089057460427284,0.0102015379816293,0.243216872215271,0.0162283629179001,0.981625,0.034074999999999966,train
0.0259886253625154,0.0361015498638153,0.0253288857638836,0.0309717394411564,0.637925,0.6462749999999999,train
0.518817842006683,0.0728288888931274,0.0519751124083996,0.0784469991922379,0.126525,0.977325,train
0.0320002399384975,0.0270539149641991,0.0210459735244513,0.0328838601708412,0.434875,0.65045,train
0.0243793018162251,0.0170254837721586,0.0182564463466406,0.0491626113653183,0.175625,0.349475,train
0.0215014964342117,0.017426535487175,0.0216935146600008,0.0529646500945091,0.2834,0.24727500000000002,train
0.0534052141010761,0.12473177909851,0.0540807172656059,0.0497680231928825,0.77765,0.7503,train
0.0272837746888399,0.0267583131790161,0.0372834652662277,0.0387436561286449,0.549525,0.338225,train
0.0940168648958206,0.136412516236305,0.385660320520401,0.122043147683143,0.9308,0.23717500000000002,train
0.0389088913798332,0.0543382912874222,0.150799468159676,0.0542767681181431,0.9246,0.22847499999999998,train
0.081958957016468,0.0638343095779419,0.0819903314113617,0.50024688243866,0.13005,0.08107500000000001,train
0.0679011344909668,0.080059289932251,0.0742484256625175,0.0741123259067535,0.583625,0.50925,train
0.0109830219298601,0.0105119226500392,0.0089475475251674,0.208554640412331,0.0498,0.04115000000000002,train
0.128193125128746,0.207640811800957,0.257096946239471,0.148463651537895,0.827975,0.42527499999999996,train
0.0219043735414743,0.0205550994724035,0.0284679885953665,0.0533371195197105,0.386725,0.08172500000000005,train
0.0266528874635696,0.0356646440923214,0.161329045891762,0.0406688675284386,0.935225,0.15547500000000003,train
0.0654623210430145,0.0456537269055843,0.0484427325427532,0.097415953874588,0.2568,0.39875000000000005,train
0.0606531240046024,0.0702628493309021,0.0748324915766716,0.0742599219083786,0.595,0.4518,train
0.0965594947338104,0.119507446885108,0.214826434850693,0.137499704957008,0.66965,0.25985,train
0.05613823980093,0.0544973574578762,0.0694713070988655,0.0957236588001251,0.43525,0.28225,train
0.11779449135065,0.0942665114998817,0.119580820202827,0.397811502218246,0.2015,0.15712499999999996,train
0.0233936719596386,0.0217111725360155,0.0213095154613256,0.672210693359375,0.01405,0.01387499999999997,train
0.01448739413172,0.015254883095622,0.0122295571491122,0.0757113993167877,0.103675,0.093225,train
0.0216691773384809,0.0416769683361053,0.0322882197797298,0.0276875607669353,0.9436,0.527825,train
0.0275504440069199,0.05433589220047,0.019293949007988,0.0260969288647175,0.677475,0.992975,train
0.367380529642105,0.115208350121974,0.0894668102264404,0.149417087435722,0.07675,0.739375,train
0.123727932572364,0.117460869252681,0.192509517073631,0.290342390537262,0.409475,0.07535000000000003,train
0.0502008870244026,0.0427928529679775,0.0546341463923454,0.1262536495924,0.278825,0.19967500000000005,train
0.134206891059875,0.142174884676933,0.222481280565262,0.21364514529705,0.53505,0.252525,train
0.0371227040886879,0.0255140662193298,0.0185972601175308,0.0309183485805988,0.3038,0.64785,train
0.06028987839818,0.110205106437206,0.0400872156023979,0.0437389649450779,0.653725,0.9619,train
0.123501859605312,0.1772790402174,0.261525571346283,0.153899326920509,0.75695,0.3667,train
0.10092531889677,0.0730742588639259,0.0868754535913467,0.460131615400314,0.068425,0.17052500000000004,train
0.0584659464657307,0.0848556533455849,0.035434152930975,0.0420566387474537,0.595525,0.988525,train
0.158044591546059,0.103625975549221,0.114632450044155,0.34603476524353,0.0882,0.30737499999999995,train
0.0528832860291004,0.0212667230516672,0.015125760808587,0.0270923785865307,0.187425,0.7904,train
0.0194102134555578,0.0438456423580647,0.0197180435061455,0.0190226286649704,0.828075,0.7067,train
0.398129045963287,0.119515761733055,0.0771496370434761,0.108177557587623,0.219325,0.93885,train
0.108337774872779,0.0608064122498035,0.0439519695937634,0.0677987560629845,0.287125,0.7066250000000001,train
0.107427380979061,0.0913011953234673,0.132795855402946,0.393961936235428,0.257725,0.016924999999999968,train
0.11687809228897,0.120114766061306,0.236117422580719,0.23351739346981,0.5239,0.040874999999999995,train
0.0251535587012768,0.0195557828992605,0.020476620644331,0.0534619130194187,0.207,0.30322499999999997,train
0.0259136576205492,0.0473533123731613,0.0206455010920763,0.0259442068636417,0.691225,0.80305,train
0.0594483651220798,0.0720645636320114,0.0652062073349953,0.0664042606949806,0.595675,0.52235,train
0.0216914620250463,0.0209419913589954,0.0320812314748764,0.0503657422959805,0.443375,0.0776,train
0.0246487352997065,0.0352153778076172,0.0298738516867161,0.0305751916021109,0.711025,0.535325,train
0.171282887458801,0.154018089175224,0.175896510481834,0.228826150298119,0.428175,0.39537500000000003,train
0.0503904744982719,0.0238424930721521,0.0166067462414503,0.0308577511459589,0.245725,0.7819,train
0.0332021303474903,0.029806200414896,0.024039538577199,0.0371618904173374,0.44795,0.581475,train
0.0185270626097918,0.0213265381753445,0.0470012798905373,0.0334681868553162,0.70585,0.13,train
0.0375386215746403,0.0438174791634083,0.10990672558546,0.0636305212974548,0.68955,0.120525,train
0.0226106476038694,0.0211285576224327,0.0279203932732344,0.0590605773031712,0.349525,0.10557499999999997,train
0.0422835424542427,0.152105420827866,0.0493902191519737,0.0449866726994514,0.983975,0.756425,train
0.131427451968193,0.369991630315781,0.110175482928752,0.101814322173595,0.765125,0.8604,train
0.0195247288793325,0.0149905206635594,0.0153704574331641,0.0717675536870956,0.070525,0.19230000000000003,train
0.0437894277274609,0.0686144530773163,0.119261220097541,0.0590488389134407,0.92215,0.34214999999999995,train
0.0468510389328003,0.13771079480648,0.0470890663564205,0.0446041524410248,0.83075,0.783725,train
0.0151704754680395,0.0684334114193916,0.0126165524125099,0.017775597050786,0.86225,0.920125,train
0.112331703305244,0.186065196990967,0.282639384269714,0.135268956422806,0.92915,0.3819,train
0.135069727897644,0.225843206048012,0.21559476852417,0.146377220749855,0.78475,0.503475,train
0.0243120696395636,0.0190916284918785,0.0202656239271164,0.0612153820693493,0.1711,0.26485000000000003,train
0.0373815968632698,0.0218461584299803,0.0201183296740055,0.0477849058806896,0.0708,0.4851,train
0.0512679480016232,0.0500230751931667,0.0748234838247299,0.0896984115242958,0.48485,0.24477499999999996,train
0.0281320735812187,0.0339455604553223,0.146747305989265,0.0470557771623135,0.815275,0.035699999999999954,train
0.142825394868851,0.134044319391251,0.160553380846977,0.200485482811928,0.454225,0.371475,train
0.184507593512535,0.219169527292252,0.164655685424805,0.16689570248127,0.567425,0.6089249999999999,train
0.087574377655983,0.0115160616114735,0.0,0.0171501561999321,0.07205,0.998325,train
0.0432255156338215,0.121365614235401,0.040161982178688,0.0424603596329689,0.796,0.8190500000000001,train
0.123238012194633,0.105322949588298,0.155721053481102,0.351572424173355,0.308375,0.11397500000000005,train
0.0573590211570263,0.0367774143815041,0.0396871939301491,0.118434198200702,0.084925,0.31957500000000005,train
0.138350158929825,0.233139157295227,0.105572424829006,0.101797796785831,0.654075,0.793275,train
0.0716693699359894,0.0965074673295021,0.42820018529892,0.10477203130722,0.853975,0.14390000000000003,train
0.0487043745815754,0.117840953171253,0.068894550204277,0.0513370148837566,0.94785,0.6353500000000001,train
0.212724700570107,0.185247197747231,0.154380694031715,0.185875788331032,0.452825,0.59165,train
0.0425215288996696,0.0244578886777163,0.0205290392041206,0.0350985378026962,0.29,0.66555,train
0.142970815300941,0.128425449132919,0.195000126957893,0.273406445980072,0.417675,0.22899999999999998,train
0.0255893394351006,0.0499507412314415,0.0191373601555824,0.0258683431893587,0.706925,0.9227,train
0.058554757386446,0.0744297131896019,0.500538051128387,0.0910214483737946,0.8708,0.08287500000000003,train
0.0386550948023796,0.0264402087777853,0.0303323827683926,0.151047393679619,0.03245,0.19535000000000002,train
0.0457410588860512,0.115217126905918,0.0405896045267582,0.0413122177124023,0.770525,0.81415,train
0.0485826134681702,0.074040025472641,0.106868639588356,0.0639759674668312,0.8057,0.38944999999999996,train
0.062222745269537,0.051509615033865,0.069813534617424,0.112480148673057,0.38115,0.29395000000000004,train
0.133145913481712,0.376988768577576,0.109088875353336,0.103204317390918,0.7555,0.89075,train
0.0853604152798653,0.483617216348648,0.0770829916000366,0.0735207498073578,0.86275,0.91635,train
0.0276892315596342,0.0185906626284122,0.0194361694157124,0.0605824701488018,0.104975,0.325925,train
0.0598224140703678,0.0483002662658691,0.0479657724499702,0.0682702586054802,0.4043,0.5009250000000001,train
0.105783767998218,0.123746886849403,0.316124200820923,0.169789403676987,0.6882,0.15487499999999998,train
0.0938768163323402,0.0407648980617523,0.0278819631785154,0.0459432564675808,0.27925,0.8768,train
0.0188691709190607,0.0462816469371319,0.0143637135624885,0.0189368855208158,0.7824,0.7396750000000001,test
0.0,0.0089371940121054,0.0,0.088671013712883,0.076975,0.013650000000000051,test
0.109098464250564,0.184012740850449,0.273821771144867,0.126891598105431,0.9117,0.375625,test
0.0121033648028969,0.0144296512007713,0.0,0.0677402913570404,0.11965,0.10622500000000001,test
0.0587034747004509,0.0438745692372322,0.0379966534674168,0.135050669312477,0.040275,0.29237500000000005,test
0.0223483741283417,0.0303988549858332,0.0292895827442408,0.0304787289351225,0.704275,0.50885,test
0.0465477891266346,0.0208852495998144,0.0171858835965395,0.0317220501601696,0.19315,0.70625,test
0.135080859065056,0.35017853975296,0.103412680327892,0.10005448013544,0.74695,0.9896,test
0.0584492534399033,0.0991156473755836,0.100192159414291,0.0666581094264984,0.838775,0.5304249999999999,test
0.0254361536353827,0.0306924413889647,0.0287287030369043,0.0304752681404352,0.6111,0.5191250000000001,test
0.124379374086856,0.365286648273468,0.0964734181761742,0.0895712226629257,0.75125,0.984175,test
0.0437136739492416,0.0459097996354103,0.107334583997726,0.0812622308731079,0.592875,0.020525000000000015,test
0.0167872793972492,0.0258671287447214,0.0413960255682468,0.0230793245136738,0.86865,0.403725,test
0.127132579684258,0.115996554493904,0.185986697673798,0.260498642921448,0.410825,0.174875,test
0.0338346436619759,0.048991858959198,0.144165977835655,0.0469110198318958,0.978,0.23792500000000005,test
0.0337895005941391,0.157651633024216,0.0385904498398304,0.0302951149642467,0.9607,0.804,test
0.0408779159188271,0.044885165989399,0.107218869030475,0.063063956797123,0.6532,0.15535,test
0.0712114945054054,0.0620264112949371,0.058237049728632,0.0842631086707115,0.437325,0.5192,test
0.131237953901291,0.0419957898557186,0.0327903218567371,0.051818709820509,0.1308,0.75465,test
0.0313237756490707,0.0430008098483086,0.0215319655835629,0.0239678472280502,0.6077,0.88245,test
0.0435918308794498,0.0537844151258469,0.0929804593324661,0.0601998567581177,0.706125,0.297875,test
0.0231226831674576,0.0177943576127291,0.021811468526721,0.0456216745078564,0.29495,0.292775,test
0.0240037310868502,0.0225238725543022,0.0301650334149599,0.0421641543507576,0.47055,0.29700000000000004,test
0.0466808490455151,0.0531314611434937,0.0649749338626862,0.0627277791500092,0.58795,0.40617499999999995,test
0.0525621362030506,0.0202766284346581,0.0169428791850805,0.0305441841483116,0.1152,0.7146250000000001,test
0.147677600383759,0.0533283241093159,0.0355977974832058,0.0537363439798355,0.25095,0.95015,test
0.0125261610373854,0.0161560457199812,0.0558791980147362,0.0209461152553558,0.91145,0.18725000000000003,test
0.0368685387074947,0.025553472340107,0.0165446400642395,0.0261325035244226,0.392525,0.8341000000000001,test
0.0365400724112988,0.030815202742815,0.0202249363064766,0.0324693955481052,0.387575,0.693275,test
0.0260250382125378,0.0196705292910337,0.0187302194535732,0.0582193434238434,0.10555,0.31535,test
0.0747198387980461,0.0752199739217758,0.132279604673386,0.161533161997795,0.4687,0.07045000000000001,test
0.139834865927696,0.0166787095367908,0.0116164050996303,0.0270275715738535,0.081975,0.9279,test
